Nama,Karbohidrat,Protein,kalori,Lemak,Energi,lemak jenuh,kolestrol,serat,gula,sodium,kalium,berat
Kentang Goreng,35.66g,3.48g,274 kkal,14.06g,1146 kj,3.278g,0mg,3.3g,0.58g,300mg,527mg,100 gram (g)
Mie,25.01g,4.51g,137 kkal,2.06g,573 kj,0.417g,29mg,1.2g,0.4g,236mg,38mg,100 gram (g)
Nasi Putih,27.9g,2.66g,129 kkal,0.28g,540 kj,0.076g,0mg,0.4g,0.05g,365mg,35mg,100 gram (g)
Roti Putih,50.61g,7.64g,266 kkal,3.29g,1113 kj,0.717g,0mg,2.4g,4.31g,681mg,100mg,100 gram (g)
Donat Dilapisi Coklat,48g,5g,474 kkal,31g,1983 kj,8.107g,61mg,2g,23.37g,429mg,196mg,100 gram (g)
Spageti,30.68g,5.76g,157 kkal,0.92g,657 kj,0.175g,0mg,1.8g,0.56g,232mg,45mg,100 gram (g)
Dairy Milk Chocholate,18.00g,2.00g,160 kkal,9.00g,669 kj,5.000g,9mg,3.0g,15.00g,20mg,-,1 slice (30 g)
Pizza dengan Daging,31.45g,12.09g,301 kkal,13.8g,1259 kj,5.491g,24mg,1.6g,2.01g,693mg,206mg,100 gram (g)
Roti Bakar,53.71g,12.84g,307 kkal,5.62g,1283 kj,0.836g,0mg,6.4g,4.02g,372mg,330mg,100 gram (g)
Chicken Burger,42.00g,22.00g,480 kkal,25.00g,2008 kj,2.500g,5mg,2.0g,10.00g,1160mg,0mg,1 porsi (257 g)
Jasuke,39.72g,5.02g,197 kkal,2.47g,824 kj,1.379g,8mg,1g,24.55g,128mg,180mg,100 gram (g)
Ayam Goreng,10.76g,21.93g,260 kkal,14.55g,1090 kj,8.964g,57mg,1.4g,0.26g,350mg,323mg,100 gram (g)
Martabak Manis,41.52g,7.78g,300 kkal,12.57g,1257 kj,5.241g,73mg,2g,22.47g,250mg,185mg,100 gram (g)
Bubur Ayam,15.05g,11.48g,155 kkal,5.16g,649 kj,1.397g,2.1g,30mg,0.8g,0.08g,244mg,100 gram (g)
Nasi Uduk,20.52g,2.54g,163 kkal,8.09g,680 kj,7.063g,0mg,1g,1.14g,198mg,110mg,100 gram (g)
Singkong Goreng,31.85g,1.38g,202 kkal,7.91g,847 kj,0.61g,0mg,1.5g,1.36g,281mg,217mg,100 gram (g)
Gulai Kambing,6.44g,4.71g,125 kkal,9.6g,525 kj,5.519g,12mg,1g,3.1g,163mg,173mg,100 gram (g)
Telur,0.77g,12.58g,147 kkal,9.94g,615 kj,3.099g,423mg,0g,0.77g,140mg,134mg,100 gram (g)
Kurma,75.03g,2.45g,282 kkal,0.39g,1180 kj,0.032g,0mg,8g,63.35g,2mg,656mg,100 gram (g)
Es Krim,24.4g,3.52g,201 kkal,10.72g,841 kj,6.618g,40mg,0.7g,22.3g,74mg,202mg,100 gram (g)
Kacang Almond,19.74g,21.26g,578 kkal,50.64g,2418 kj,3.881g,0mg,11.8g,4.8g,1mg,728mg,100 gram (g)
Kentang Rebus,20.13g,1.87g,87 kkal,0.1g,364 kj,0.026g,0mg,1.8g,0.87g,4mg,379mg,100 gram (g)
Kentang Goreng,35.66g,3.48g,274 kkal,14.06g,1146 kj,3.278g,0mg,3.3g,0.58g,300mg,527mg,100 gram (g)
Alpukat,8.53g,2g,160 kkal,14.66g,669 kj,2.126g,0mg,6.7g,0.66g,7mg,485mg,100 gram (g)
Pisang,22.84g,1.09g,89 kkal,0.33g,372 kj,0.112g,0mg,2.6g,12.23g,1mg,358mg,100 gram (g)
Dendeng Sapi,11g,33.2g,410 kkal,25.6g,1715 kj,10.85g,48mg,1.8g,9g,2213mg,597mg,100 gram (g)
Keripik Kentang,49.74g,6.56g,547 kkal,37.47g,2289 kj,10.96g,0mg,4.4g,4.12g,525mg,1642mg,100 gram (g)
Keripik Jagung Tawar,63.01g,6.03g,518 kkal,28.41g,2167 kj,3.612g,0mg,5.3g,1.16g,616mg,135mg,100 gram (g)
Keripik Jagung Tortilla,65.32g,7.79g,488 kkal,23.36g,2042 kj,2.458g,0mg,5.3g,1g,421mg,215mg,100 gram (g)
Keripik Kentang (Asin),49.74g,6.56g,547 kkal,37.47g,2289 kj,10.96g,0mg,4.4g,4.12g,525mg,1642mg,100 gram (g)
Keripik Kentang Bebas Lemak,83.76g,9.64g,379 kkal,0.6g,1586 kj,0.15g,0mg,7.5g,3.69g,643mg,1628mg,100 gram (g)
Keripik Kentang Rasa Barbecue,52.8g,7.7g,491 kkal,32.4g,2054 kj,8.05g,0mg,4.4g,-,750mg,1261mg,100 gram (g)
Keripik Kentang dengan Lemak yang Dikurangi,66.9g,7.1g,471 kkal,20.8g,1971 kj,4.16g,0mg,5.9g,0.22g,492mg,1744mg,100 gram (g)
Keripik Kentang Bebas Lemak,83.76g,9.64g,379 kkal,0.6g,1586 kj,0.15g,0mg,7.5g,3.69g,643mg,1628mg,100 gram (g)
Kerupuk / Biskuit,61g,7.4g,502 kkal,25.3g,2100 kj,3.776g,0mg,1.6g,1.79g,847mg,133mg,100 gram (g)
Kerupuk Asin,70.91g,9.22g,428 kkal,11.35g,1791 kj,1.656g,0mg,3g,0.38g,1072mg,154mg,100 gram (g)
Kerupuk Gandum,64.9g,8.6g,473 kkal,20.6g,1979 kj,5.178g,0mg,4.5g,13.04g,795mg,183mg,100 gram (g)
Biskuit Keju,58.2g,10.1g,503 kkal,25.3g,2105 kj,9.371g,13mg,2.4g,0.28g,995mg,145mg,100 gram (g)
Kue Beras Merah,81.5g,8.2g,387 kkal,2.8g,1619 kj,0.57g,0mg,4.2g,0.88g,326mg,290mg,100 gram (g)
Kue Beras Merah Multigrain,80.1g,8.5g,387 kkal,3.5g,1619 kj,0.56g,0mg,3g,-,252mg,294mg,100 gram (g)
Permen Karet (tanpa Gula),94.8g,0g,268 kkal,0.4g,1121 kj,0.058g,0mg,2.4g,0g,7mg,0mg,100 gram (g)
Permen Karet (Manis),66.08g,0g,247 kkal,0.3g,1033 kj,0.042g,0mg,2.4g,66.08g,1mg,2mg,100 gram (g)
Permen Karet,66.08g,0g,247 kkal,0.3g,1033 kj,0.042g,0mg,2.4g,66.08g,1mg,2mg,100 gram (g)
Popcorn,77.78g,12.94g,387 kkal,4.54g,1619 kj,0.637g,0mg,14.5g,0.87g,8mg,329mg,100 gram (g)
Popcorn Rasa Keju,51.6g,9.3g,526 kkal,33.2g,2201 kj,6.41g,11mg,9.9g,-,889mg,261mg,100 gram (g)
Selai Kacang dan Sandwich Jeli,45.41g,11.1g,352 kkal,15.3g,1473 kj,3.151g,0mg,3.1g,13.02g,519mg,239mg,100 gram (g)
Sandwich Daging Sapi Panggang,19.13g,19.74g,251 kkal,9.92g,1050 kj,3.734g,49mg,0.9g,1.63g,443mg,269mg,100 gram (g)
Sandwich Ham dan Keju,22.84g,14.17g,241 kkal,10.6g,1008 kj,4.409g,40mg,-,-,528mg,199mg,100 gram (g)
Sandwich Keju,33.25g,10.96g,315 kkal,15.27g,1318 kj,6.479g,27mg,1.5g,4.76g,884mg,153mg,100 gram (g)
Sushi,29.9g,4.3g,143 kkal,0.42g,598 kj,0.087g,3mg,0.8g,6.27g,596mg,129mg,100 gram (g)
Sushi dengan Sayuran dan Seafood,27.5g,5.37g,139 kkal,0.41g,582 kj,0.099g,7mg,1.1g,5.65g,216mg,132mg,100 gram (g)
Sushi dengan Sayuran,31.68g,3.08g,145 kkal,0.28g,607 kj,0.068g,0mg,1.3g,6.53g,237mg,100mg,100 gram (g)
Sashimi Salmon,0g,21.62g,146 kkal,5.93g,611 kj,1.26g,45mg,0g,0g,46mg,423mg,100 gram (g)
Sushi dengan Sayuran yang Digulung dengan Rumput Laut,25.8g,2.21g,118 kkal,0.24g,494 kj,0.065g,0mg,0.5g,4.47g,98mg,60mg,100 gram (g)
Salad Tuna dengan Keju,6.87g,14.44g,217 kkal,14.72g,908 kj,3.659g,29mg,0.4g,3.34g,500mg,179mg,100 gram (g)
Salad Tuna dengan Telur,6.26g,13.71g,196 kkal,12.93g,820 kj,2.191g,64mg,0.4g,2.73g,365mg,162mg,100 gram (g)
Salad Tuna,6.96g,14.27g,184 kkal,11.02g,770 kj,1.735g,21mg,0.4g,3g,388mg,171mg,100 gram (g)
Salad Sayuran Hijau Campur,3.2g,1.52g,17 kkal,0.24g,71 kj,0.038g,0mg,2g,0.88g,29mg,291mg,100 gram (g)
Salad Kentang,11.17g,2.68g,143 kkal,8.2g,598 kj,1.429g,68mg,1.3g,-,529mg,254mg,100 gram (g)
Salad Kentang dengan Telur,15.96g,2.77g,136 kkal,7.05g,569 kj,1.24g,46mg,1.5g,1.64g,488mg,295mg,100 gram (g)
Nachos dengan Keju,32.15g,8.05g,306 kkal,16.77g,1280 kj,6.885g,16mg,-,-,722mg,152mg,100 gram (g)
Nachos dengan Ayam atau Kalkun dan Keju,12.07g,23.21g,286 kkal,15.94g,1197 kj,6.49g,73mg,1g,0.3g,263mg,167mg,100 gram (g)
Nachos dengan Daging Sapi dan Keju,13.42g,22.22g,352 kkal,23.15g,1473 kj,9.803g,75mg,1.1g,0.34g,297mg,259mg,100 gram (g)
Nachos dengan Daging Sapi. Kacang-kacangan dan Keju,18.57g,14.3g,275 kkal,16.18g,1151 kj,6.621g,42mg,3.6g,0.53g,331mg,264mg,100 gram (g)
Nachos dengan Daging Sapi. Kacang-kacangan. Keju dan Krim Asam,25.03g,10.9g,290 kkal,16.81g,1213 kj,5.99g,31mg,3.3g,0.85g,302mg,235mg,100 gram (g)
Telur Dadar,0.69g,10.62g,153 kkal,12.02g,640 kj,3.365g,356mg,0g,0.65g,161mg,114mg,100 gram (g)
Telur Ceplok,0.88g,13.63g,201 kkal,15.31g,841 kj,4.294g,457mg,0g,0.83g,204mg,147mg,100 gram (g)
Telur Rebus,1.12g,12.53g,154 kkal,10.57g,644 kj,3.254g,422mg,0g,1.12g,278mg,126mg,100 gram (g)
Kentang Goreng,35.66g,3.48g,274 kkal,14.06g,1146 kj,3.278g,0mg,3.3g,0.58g,300mg,527mg,100 gram (g)
Onion Rings,37.74g,4.46g,332 kkal,18.69g,1389 kj,8.377g,17mg,-,-,518mg,156mg,100 gram (g)
Kentang Panggang (Kulit Dimakan),20.53g,2.43g,109 kkal,2.2g,456 kj,0.423g,0mg,2.1g,1.14g,235mg,519mg,100 gram (g)
Pancake Kentang,27.9g,6.06g,269 kkal,14.75g,1125 kj,2.493g,95mg,3.2g,1.8g,764mg,622mg,100 gram (g)
Kerupuk Udang,50.08g,6.66g,541 kkal,35.19g,2264 kj,9.056g,81mg,0.5g,1.89g,1364mg,32mg,100 gram (g)
Cimol,41.35g,0.97g,222 kkal,5.22g,931 kj,1.386g,2.942g,29mg,0.4g,0.05g,190mg,100 gram (g)
Keripik Pisang,58.4g,2.3g,519 kkal,33.6g,2171 kj,28.97g,0mg,7.7g,35.34g,6mg,536mg,100 gram (g)
Bakpia,47.68g,9.61g,299 kkal,7.91g,1249 kj,0.952g,23mg,4.8g,11.24g,118mg,344mg,100 gram (g)
Siomay,16.3g,12.26g,138 kkal,2.29g,577 kj,0.585g,43mg,0.8g,0.25g,352mg,251mg,100 gram (g)
Es Krim,24.4g,3.52g,201 kkal,10.72g,841 kj,6.618g,40mg,0.7g,22.3g,74mg,202mg,100 gram (g)
Pai Apel,37.1g,2.4g,265 kkal,12.5g,1109 kj,3.05g,0mg,-,-,211mg,79mg,100 gram (g)
Brownies,62.54g,4.76g,379 kkal,13.77g,1586 kj,2.858g,35mg,2.2g,36.76g,148mg,178mg,100 gram (g)
Macaroon,72.2g,3.6g,404 kkal,12.7g,1690 kj,11.236g,0mg,1.8g,70.65g,247mg,156mg,100 gram (g)
Tiramisu,24.41g,4.77g,283 kkal,18.2g,1184 kj,10.532g,167mg,0.9g,16.82g,85mg,129mg,100 gram (g)
Wafel Buah,44.8g,6.4g,278 kkal,8.24g,1163 kj,1.681g,12mg,2.6g,6.1g,616mg,137mg,100 gram (g)
Mochi Daifuku,49.8g,4.83g,230 kkal,1.13g,962 kj,0.227g,0mg,2.5g,7.34g,247mg,198mg,100 gram (g)
Martabak,40.6g,8.15g,315 kkal,14.65g,1319 kj,6.007g,72mg,2.2g,22.11g,244mg,199mg,100 gram (g)
Kolak,20.35g,2.01g,163 kkal,8.83g,682 kj,7.804g,0mg,2.8g,11.95g,51mg,219mg,100 gram (g)
Tape Singkong,39.9g,2.27g,175 kkal,0.5g,733 kj,0.133g,0mg,1.5g,0.85g,7mg,152mg,100 gram (g)
Kolak,20.35g,2.01g,163 kkal,8.83g,682 kj,7.804g,0mg,2.8g,11.95g,51mg,219mg,100 gram (g)
Piscok,37.27g,5.72g,298 kkal,14.29g,1247 kj,3.734g,38mg,2.2g,14.98g,193mg,240mg,100 gram (g)
Dadar Gulung,28.59g,4.7g,231 kkal,11.31g,968 kj,8.789g,74mg,1.9g,5.8g,67mg,160mg,100 gram (g)
Es Teler,25.88g,2.12g,177 kkal,8.18g,740 kj,6.277g,4mg,1.6g,18.74g,155mg,204mg,100 gram (g)
Es Buah,32.6g,0.4g,128 kkal,0g,536 kj,0g,0mg,0g,32.6g,22mg,3mg,100 gram (g)
Pancake Durian,27.91g,3.27g,200 kkal,8.71g,838 kj,4.501g,61mg,1g,7.93g,61mg,138mg,100 gram (g)
Churros,45.94g,2.79g,447 kkal,28.28g,1870 kj,7.719g,7mg,0.7g,25.19g,144mg,30mg,100 gram (g)
Bingka,39.32g,5.2g,272 kkal,10.68g,1139 kj,6.69g,92mg,0.7g,2.82g,80mg,119mg,100 gram (g)
Tape Ketan Hitam,34.78g,3g,164 kkal,1.05g,687 kj,0.107g,0mg,1.3g,2.64g,8mg,36mg,100 gram (g)
Red Velvet Cake,46.81g,6.81g,367 kkal,17.18g,1535 kj,5.076g,9.934g,54mg,1.4g,17.37g,311mg,100 gram (g)
Pais Pisang,28.71g,1.9g,155 kkal,4.22g,647 kj,3.522g,0mg,1.5g,7.96g,67mg,217mg,100 gram (g)
Brownies Pisang Coklat,38.48g,4.4g,287 kkal,14.07g,1200 kj,7.848g,41mg,3.5g,17.3g,63mg,295mg,100 gram (g)
Kue Bolu Coklat,54.68g,8.25g,297 kkal,6.05g,1243 kj,2.085g,208mg,1.6g,39.95g,185mg,154mg,100 gram (g)
Kue Selai Kacang,58.9g,9.6g,477 kkal,23.6g,1996 kj,4.485g,1mg,1.8g,31.83g,415mg,167mg,100 gram (g)
Creme Brulee,21.91g,3.38g,336 kkal,26.79g,1408 kj,15.823g,237mg,0g,19.87g,32mg,68mg,100 gram (g)
Panna Cotta,23.38g,1.08g,223 kkal,12.33g,934 kj,7.677g,45mg,0g,22.23g,38mg,37mg,100 gram (g)
Tart,41.55g,3.05g,278 kkal,11.35g,1162 kj,2.259g,0mg,1.4g,17.47g,215mg,78mg,100 gram (g)
Kue Keranjang,33.84g,2.83g,148 kkal,0.37g,617 kj,0.048g,0mg,1.1g,20.64g,104mg,105mg,100 gram (g)
Donat Isi Custard,30g,6.4g,361 kkal,24.5g,1510 kj,5.43g,24mg,0.8g,14.55g,309mg,80mg,100 gram (g)
Cendol,23.49g,1.87g,155 kkal,6.37g,648 kj,5.433g,0mg,1.2g,8.8g,5mg,106mg,100 gram (g)
Fruit Sando,31.17g,4.56g,204 kkal,6.99g,855 kj,3.646g,19mg,1.7g,6.24g,349mg,127mg,100 gram (g)
Putu Mayang,43.66g,2.49g,209 kkal,2.66g,873 kj,2.042g,0mg,1.1g,14.18g,59mg,88mg,100 gram (g)
Bolu Karamel,44.8g,4.57g,454 kkal,29.17g,1902 kj,10.117g,36mg,0.8g,22.9g,223mg,106mg,100 gram (g)
Biji Salak,24.04g,0.86g,133 kkal,4.13g,555 kj,3.65g,0mg,1.3g,10.4g,34mg,173mg,100 gram (g)
Ubi Jalar (Manis),20.12g,1.57g,86 kkal,0.05g,360 kj,0.018g,0mg,3g,4.18g,55mg,337mg,100 gram (g)
Bolu Tape,49.69g,5.01g,324 kkal,11.43g,1356 kj,6.683g,77mg,1.2g,18.16g,182mg,120mg,100 gram (g)
Permen Coklat Susu,59.4g,7.65g,535 kkal,29.66g,2238 kj,14.232g,23mg,3.4g,51.5g,79mg,372mg,100 gram (g)
Kue Gandum,68.7g,6.2g,450 kkal,18.1g,1883 kj,4.519g,0mg,2.8g,24.66g,383mg,142mg,100 gram (g)
Pai Ceri,39.8g,2g,260 kkal,11g,1088 kj,2.562g,0mg,0.8g,14.29g,246mg,81mg,100 gram (g)
Puding Coklat,23g,2.7g,139 kkal,4g,582 kj,0.71g,3mg,1g,17.85g,129mg,180mg,100 gram (g)
Wafer Coklat,72.4g,6.6g,433 kkal,14.2g,1812 kj,4.241g,2mg,3.4g,29.66g,580mg,210mg,100 gram (g)
Donat (Tawar),49.7g,5g,421 kkal,22.9g,1761 kj,3.625g,37mg,1.5g,22.5g,546mg,127mg,100 gram (g)
Es Krim Vanila,23.6g,3.5g,201 kkal,11g,841 kj,6.79g,44mg,0.7g,21.22g,80mg,199mg,100 gram (g)
Puding Vanila,22g,2.3g,130 kkal,3.6g,544 kj,1.512g,7mg,0g,20.2g,135mg,113mg,100 gram (g)
Roti Bagel,50.5g,10.02g,257 kkal,1.62g,1075 kj,0.393g,0mg,2.2g,5.05g,448mg,75mg,100 gram (g)
Permen Coklat Manis,59.6g,3.9g,505 kkal,34.2g,2113 kj,20.08g,0mg,5.5g,51.48g,16mg,290mg,100 gram (g)
Blueberry Muffin,48g,5.5g,277 kkal,6.5g,1159 kj,1.397g,30mg,2.6g,19.7g,447mg,123mg,100 gram (g)
Pancake Oat,31.41g,5.53g,208 kkal,6.81g,869 kj,1.538g,19mg,1.7g,9.04g,284mg,320mg,100 gram (g)
Cookies,60.26g,5.71g,460 kkal,22.03g,1923 kj,13.707g,57mg,1.4g,19.9g,4mg,64mg,100 gram (g)
Kue Denmark,44.6g,7g,403 kkal,22.4g,1686 kj,5.681g,21mg,1.3g,19.78g,371mg,125mg,100 gram (g)
Puding Roti,23.26g,5.27g,153 kkal,4.74g,640 kj,1.649g,62mg,0.9g,14.72g,236mg,216mg,100 gram (g)
Ayam,0g,27.07g,237 kkal,13.49g,992 kj,3.758g,87mg,0g,0g,404mg,221mg,100 gram (g)
Ayam (Kulit tidak Dimakan),0g,28.69g,188 kkal,7.35g,787 kj,2.023g,88mg,0g,0g,408mg,241mg,100 gram (g)
Dada Ayam,0g,29.55g,195 kkal,7.72g,816 kj,2.172g,83mg,0g,0g,393mg,243mg,100 gram (g)
Paha Ayam,0g,24.85g,245 kkal,15.36g,1025 kj,4.294g,92mg,0g,0g,406mg,220mg,100 gram (g)
Sayap Ayam,0g,26.64g,288 kkal,19.3g,1205 kj,5.405g,83mg,0g,0g,404mg,183mg,100 gram (g)
Daging Ayam (Panggang),0g,20.33g,111 kkal,2.7g,464 kj,0.67g,65mg,0g,0g,75mg,238mg,100 gram (g)
Daging dan Kulit Ayam (Panggang),0g,17.14g,216 kkal,15.85g,904 kj,4.53g,73mg,0g,0g,68mg,196mg,100 gram (g)
Daging Babi Panggang,0g,26.98g,247 kkal,14.59g,1033 kj,5.348g,82mg,0g,0g,221mg,406mg,100 gram (g)
Babi Panggang (Hanya Daging yang Dimakan),0g,28.45g,208 kkal,9.57g,870 kj,3.489g,81mg,0g,0g,289mg,423mg,100 gram (g)
Bahu Daging Babi Panggang,0g,23.18g,291 kkal,21.3g,1218 kj,7.827g,90mg,0g,0g,230mg,328mg,100 gram (g)
Bakso Daging Sapi,7.58g,12.41g,202 kkal,13.16g,845 kj,4.978g,74mg,0.5g,1.51g,478mg,213mg,100 gram (g)
Bakso Daging Sapi dan Babi,7.15g,13.61g,178 kkal,10.19g,746 kj,3.786g,72mg,0.4g,1.43g,452mg,242mg,100 gram (g)
Bakso Ayam,6.94g,19.39g,161 kkal,5.62g,672 kj,1.608g,82mg,0.5g,1.45g,442mg,199mg,100 gram (g)
Bakso Kalkun,6.94g,19.63g,149 kkal,4.16g,622 kj,1.368g,74mg,0.5g,1.45g,432mg,232mg,100 gram (g)
Bakso Daging Babi,4.76g,19.83g,166 kkal,6.98g,696 kj,2.02g,83mg,0.2g,0.51g,796mg,287mg,100 gram (g)
Daging Bebek,0g,18.28g,132 kkal,5.95g,552 kj,2.32g,77mg,0g,0g,74mg,271mg,100 gram (g)
Dada Ayam (Kulit tidak Dimakan),0g,30.76g,164 kkal,3.54g,686 kj,1.002g,84mg,0g,0g,396mg,254mg,100 gram (g)
Daging Dada Kalkun,4.21g,17.07g,104 kkal,1.66g,435 kj,0.48g,43mg,0.5g,3.51g,1015mg,302mg,100 gram (g)
Daging Dada dan Kulit Kalkun,0g,21.89g,157 kkal,7.02g,657 kj,1.91g,65mg,0g,-,59mg,275mg,100 gram (g)
Daging Babi,0g,27.34g,271 kkal,17.04g,1134 kj,6.168g,90mg,0g,0g,384mg,351mg,100 gram (g)
Daging Babi Giling,0g,16.88g,263 kkal,21.19g,1100 kj,7.87g,72mg,0g,-,56mg,287mg,100 gram (g)
Potongan Daging Babi,0g,27.91g,250 kkal,14.57g,1046 kj,5.402g,83mg,0g,0g,386mg,404mg,100 gram (g)
Daging Babi Panggang,0g,26.98g,247 kkal,14.59g,1033 kj,5.348g,82mg,0g,0g,221mg,406mg,100 gram (g)
Iga Babi,0g,28.94g,395 kkal,30.17g,1653 kj,11.073g,120mg,0g,0g,255mg,319mg,100 gram (g)
Potongan Daging Domba,0g,22.03g,314 kkal,24.37g,1314 kj,10.652g,95mg,0g,0g,390mg,255mg,100 gram (g)
Domba Giling,0g,16.56g,282 kkal,23.41g,1180 kj,10.19g,73mg,0g,0g,59mg,222mg,100 gram (g)
Daging Domba Panggang,0g,23.93g,266 kkal,18.15g,1113 kj,7.633g,92mg,0g,0g,228mg,281mg,100 gram (g)
Potongan Daging Domba (Daging dan Lemak Dimakan),0g,22.03g,314 kkal,24.37g,1314 kj,10.652g,95mg,0g,0g,390mg,255mg,100 gram (g)
Daging Sapi,0g,26.33g,288 kkal,19.54g,1205 kj,7.731g,87mg,0g,0g,384mg,315mg,100 gram (g)
Daging Sapi Giling,0g,25.35g,276 kkal,18.58g,1155 kj,7.192g,88mg,0g,0g,400mg,287mg,100 gram (g)
Daging Sapi Giling tanpa Lemak,0g,25.54g,269 kkal,17.67g,1125 kj,6.71g,90mg,0g,0g,397mg,302mg,100 gram (g)
Daging Sapi Panggang,0g,25.91g,267 kkal,17.32g,1117 kj,6.813g,76mg,0g,0g,217mg,292mg,100 gram (g)
Daging Kornet,0.47g,18.17g,251 kkal,18.98g,1050 kj,6.34g,98mg,0g,0g,1134mg,145mg,100 gram (g)
Daging Sapi Ekstra tanpa Lemak,0g,25.71g,248 kkal,15.35g,1038 kj,5.843g,89mg,0g,0g,394mg,315mg,100 gram (g)
Daging Sapi Panggang (Hanya Bagian tanpa Lemak yang Dimakan),0g,28.32g,198 kkal,8.52g,828 kj,3.228g,75mg,0g,0g,217mg,306mg,100 gram (g)
Iga Babi Panggang dengan Saus,4.2g,21.44g,310 kkal,22.33g,1297 kj,8.068g,87mg,0.4g,1.29g,334mg,287mg,100 gram (g)
Kalkun,0g,28.9g,187 kkal,7.02g,782 kj,1.999g,77mg,0g,0g,69mg,291mg,100 gram (g)
Paha Ayam Panggang,0g,24.85g,245 kkal,15.36g,1025 kj,4.294g,92mg,0g,0g,406mg,220mg,100 gram (g)
Paha Ayam Panggang (Kulit Dimakan),0g,24.85g,245 kkal,15.36g,1025 kj,4.294g,92mg,0g,0g,406mg,220mg,100 gram (g)
Punggung Sapi,0g,24.84g,342 kkal,26.15g,1431 kj,10.203g,93mg,0g,0g,225mg,242mg,100 gram (g)
Daging Punggung Sapi (Hanya Bagian tanpa Lemak yang Dimakan),0g,29.63g,230 kkal,11.53g,962 kj,4.133g,93mg,0g,0g,232mg,284mg,100 gram (g)
Kornet Daging Punggung Sapi (Diawetkan),0.14g,14.68g,198 kkal,14.9g,828 kj,4.73g,54mg,0g,-,1217mg,297mg,100 gram (g)
Sosis Daging Sapi,3.99g,11.04g,325 kkal,29.08g,1360 kj,11.516g,54mg,0g,2.54g,1126mg,161mg,100 gram (g)
Sosis Ayam,1.52g,17.82g,172 kkal,9.98g,718 kj,2.559g,3.6g,79mg,0g,0g,722mg,100 gram (g)
Sosis Babi Segar,0g,15.09g,304 kkal,26.53g,1272 kj,8.801g,11.894g,72mg,0g,0g,636mg,100 gram (g)
Sosis Kalkun,0.47g,18.79g,155 kkal,8.08g,649 kj,1.963g,2.624g,75mg,0g,0g,593mg,100 gram (g)
Sosis Italia,4.27g,19.12g,344 kkal,27.31g,1439 kj,9.535g,57mg,0.1g,0.86g,1207mg,304mg,100 gram (g)
Telur Bebek,1.45g,12.81g,185 kkal,13.77g,774 kj,3.681g,884mg,0g,0.93g,146mg,222mg,100 gram (g)
Sayap Ayam Panggang (Kulit Dimakan),0g,26.64g,288 kkal,19.3g,1205 kj,5.405g,83mg,0g,0g,404mg,183mg,100 gram (g)
Alpukat,8.53g,2g,160 kkal,14.66g,669 kj,2.126g,0mg,6.7g,0.66g,7mg,485mg,100 gram (g)
Guacamole dengan Tomat,7.64g,1.62g,116 kkal,9.94g,485 kj,1.446g,0mg,4.9g,1.37g,201mg,393mg,100 gram (g)
Guacamole,8.51g,1.96g,157 kkal,14.31g,657 kj,2.075g,0mg,6.6g,0.71g,148mg,476mg,100 gram (g)
Guacamole dengan Tomat dan Cabe Paprika,7.62g,1.62g,114 kkal,9.75g,477 kj,1.418g,0mg,4.9g,1.42g,197mg,392mg,100 gram (g)
Buah Anggur,18.1g,0.72g,69 kkal,0.16g,289 kj,0.054g,0mg,0.9g,15.48g,2mg,191mg,100 gram (g)
Anggur (Merah atau Hijau. Jenis Varietas Eropa Seperti Thompson tanpa Biji),18.1g,0.72g,69 kkal,0.16g,289 kj,0.054g,0mg,0.9g,15.48g,2mg,191mg,100 gram (g)
Anggur Jenis Amerika (Kulit Licin),17.15g,0.63g,67 kkal,0.35g,280 kj,0.114g,0mg,0.9g,16.25g,2mg,191mg,100 gram (g)
Anggur Jenis Eropa,18.1g,0.72g,69 kkal,0.16g,289 kj,0.054g,0mg,0.9g,15.48g,2mg,191mg,100 gram (g)
Apel,13.81g,0.26g,52 kkal,0.17g,218 kj,0.028g,0mg,2.4g,10.39g,1mg,107mg,100 gram (g)
Apel (tanpa Kulit),12.76g,0.27g,48 kkal,0.13g,201 kj,0.021g,0mg,1.3g,10.1g,0mg,90mg,100 gram (g)
Apel Emas Lezat,13.81g,0.26g,52 kkal,0.17g,220 kj,0.028g,0mg,2.4g,10.39g,1mg,107mg,100 gram (g)
Apel Fuji,13.81g,0.26g,52 kkal,0.17g,216 kj,0.028g,0mg,2.4g,10.39g,1mg,107mg,100 gram (g)
Blewah Melon,8.16g,0.84g,34 kkal,0.19g,142 kj,0.051g,0mg,0.9g,7.86g,16mg,267mg,100 gram (g)
Blueberi,14.49g,0.74g,57 kkal,0.33g,238 kj,0.028g,0mg,2.4g,9.96g,1mg,77mg,100 gram (g)
Blueberry Tawar dalam Kemasan Air (Dimasak atau Kalengan),9.71g,0.5g,38 kkal,0.22g,159 kj,0.019g,0mg,1.6g,6.67g,1mg,46mg,100 gram (g)
Beri,7.98g,0.68g,33 kkal,0.3g,138 kj,0.016g,0mg,2.1g,4.87g,1mg,150mg,100 gram (g)
Stroberi,7.68g,0.67g,32 kkal,0.3g,134 kj,0.015g,0mg,2g,4.66g,1mg,153mg,100 gram (g)
Blueberi,14.49g,0.74g,57 kkal,0.33g,238 kj,0.028g,0mg,2.4g,9.96g,1mg,77mg,100 gram (g)
Rasberi,11.94g,1.2g,52 kkal,0.65g,218 kj,0.019g,0mg,6.5g,4.42g,1mg,151mg,100 gram (g)
Blackberry,9.61g,1.39g,43 kkal,0.49g,180 kj,0.014g,0mg,5.3g,4.88g,1mg,162mg,100 gram (g)
Campuran Buah Kering,64.81g,2.19g,244 kkal,0.44g,1021 kj,0.06g,0mg,7.4g,47.66g,17mg,746mg,100 gram (g)
Apel Kering,65.89g,0.93g,243 kkal,0.32g,1017 kj,0.052g,0mg,8.7g,57.19g,87mg,450mg,100 gram (g)
Cranberry Kering,82.36g,0.07g,308 kkal,1.37g,1289 kj,0.103g,0mg,5.7g,65g,3mg,40mg,100 gram (g)
Prune Kering,63.88g,2.18g,240 kkal,0.38g,1004 kj,0.088g,0mg,7.1g,38.13g,2mg,732mg,100 gram (g)
Aprikot Kering,62.64g,3.39g,241 kkal,0.51g,1008 kj,0.017g,0mg,7.3g,53.44g,10mg,1162mg,100 gram (g)
Buah Pir,15.46g,0.38g,58 kkal,0.12g,243 kj,0.006g,0mg,3.1g,9.8g,1mg,119mg,100 gram (g)
Pir (Dimasak atau Kalengan),19.17g,0.2g,74 kkal,0.13g,310 kj,0.007g,0mg,1.6g,15.2g,5mg,65mg,100 gram (g)
Pir Asia,10.65g,0.5g,42 kkal,0.23g,176 kj,0.012g,0mg,3.6g,7.05g,0mg,121mg,100 gram (g)
Pir (Padat dan Cair. Kemasan Sirup Ringan. Kalengan),15.17g,0.19g,57 kkal,0.03g,238 kj,0.002g,0mg,1.6g,12.1g,5mg,66mg,100 gram (g)
Ceri Manis,16.01g,1.06g,63 kkal,0.2g,264 kj,0.038g,0mg,2.1g,12.82g,0mg,222mg,100 gram (g)
Bing Ceri,16.01g,1.06g,63 kkal,0.2g,264 kj,0.038g,0mg,2.1g,12.82g,0mg,222mg,100 gram (g)
Ceri Beku,11.02g,0.92g,46 kkal,0.44g,192 kj,0.1g,0mg,1.6g,9.02g,1mg,124mg,100 gram (g)
Ceri Merah Asam,12.18g,1g,50 kkal,0.3g,209 kj,0.068g,0mg,1.6g,8.49g,3mg,173mg,100 gram (g)
Jeruk,11.75g,0.94g,47 kkal,0.12g,197 kj,0.015g,0mg,2.4g,9.35g,0mg,181mg,100 gram (g)
Jeruk Keprok (Jeruk Mandarin),13.34g,0.81g,53 kkal,0.31g,222 kj,0.039g,0mg,1.8g,10.58g,2mg,166mg,100 gram (g)
Jeruk Bali,8.08g,0.63g,32 kkal,0.1g,134 kj,0.014g,0mg,1.1g,6.98g,0mg,139mg,100 gram (g)
Jeruk Bali (Merah dan Merah Muda),10.66g,0.77g,42 kkal,0.14g,176 kj,0.02g,0mg,1.6g,6.89g,0mg,135mg,100 gram (g)
Jeruk Keprok (Jeruk Mandarin),13.34g,0.81g,53 kkal,0.31g,222 kj,0.039g,0mg,1.8g,10.58g,2mg,166mg,100 gram (g)
Jeruk Mandarin (Kaleng atau Beku),16.19g,0.45g,61 kkal,0.1g,255 kj,0.012g,0mg,0.7g,15.49g,6mg,78mg,100 gram (g)
Jeruk Keprok (Jeruk Mandarin. Jus Kemasan. Kalengan),9.57g,0.62g,37 kkal,0.03g,155 kj,0.003g,0mg,0.7g,8.87g,5mg,133mg,100 gram (g)
Jeruk Keprok (Jeruk Mandarin. Sirup Ringan Kemasan. Kalengan),16.19g,0.45g,61 kkal,0.1g,255 kj,0.012g,0mg,0.7g,15.49g,6mg,78mg,100 gram (g)
Kelapa,15.23g,3.33g,354 kkal,33.49g,1481 kj,29.698g,0mg,9g,6.23g,20mg,356mg,100 gram (g)
Air Kelapa,3.71g,0.72g,19 kkal,0.2g,79 kj,0.176g,0mg,1.1g,2.61g,105mg,250mg,100 gram (g)
Kismis,79.18g,3.07g,299 kkal,0.46g,1251 kj,0.058g,0mg,3.7g,59.19g,11mg,749mg,100 gram (g)
Kismis (tanpa Biji),79.18g,3.07g,299 kkal,0.46g,1251 kj,0.058g,0mg,3.7g,59.19g,11mg,749mg,100 gram (g)
Kismis Dilapisi Coklat,68.3g,4.1g,390 kkal,14.8g,1632 kj,8.8g,3mg,4.2g,62.22g,36mg,514mg,100 gram (g)
Kismis Dilapisi Coklat Susu,68.3g,4.1g,390 kkal,14.8g,1632 kj,8.8g,3mg,4.2g,62.22g,36mg,514mg,100 gram (g)
Kurma,75.03g,2.45g,282 kkal,0.39g,1180 kj,0.032g,0mg,8g,63.35g,2mg,656mg,100 gram (g)
Mangga,17g,0.51g,65 kkal,0.27g,272 kj,0.066g,0mg,1.8g,14.8g,2mg,156mg,100 gram (g)
Mangga Kering,81.61g,1.48g,314 kkal,0.78g,1314 kj,0.192g,0mg,5.2g,75.2g,6mg,454mg,100 gram (g)
Nektar Mangga,15.16g,0.2g,58 kkal,0.11g,243 kj,0.026g,0mg,0.7g,14.27g,2mg,56mg,100 gram (g)
Blewah Melon,8.16g,0.84g,34 kkal,0.19g,142 kj,0.051g,0mg,0.9g,7.86g,16mg,267mg,100 gram (g)
Nanas,12.63g,0.54g,48 kkal,0.12g,201 kj,0.009g,0mg,1.4g,9.26g,1mg,115mg,100 gram (g)
Nanas (Padat dan Cair. Air Kemasan. Kalengan),8.3g,0.43g,32 kkal,0.09g,134 kj,0.006g,0mg,0.8g,7.5g,1mg,127mg,100 gram (g)
Nanas Potongan (Manis. Beku),22.2g,0.4g,86 kkal,0.1g,360 kj,0.007g,0mg,1.1g,21.1g,2mg,100mg,100 gram (g)
Nanas (Padat dan Cair. Kemasan Sirup Ringan. Kalengan),13.45g,0.36g,52 kkal,0.12g,218 kj,0.009g,0mg,0.8g,12.65g,1mg,105mg,100 gram (g)
Nanas (Padat dan Cair. Jus Kemasan. Kalengan),15.7g,0.42g,60 kkal,0.08g,251 kj,0.006g,0mg,0.8g,14.45g,1mg,122mg,100 gram (g)
Pepaya,9.81g,0.61g,39 kkal,0.14g,163 kj,0.043g,0mg,1.8g,5.9g,3mg,257mg,100 gram (g)
Jus Pepaya,14.51g,0.17g,57 kkal,0.15g,238 kj,0.047g,0mg,0.6g,13.91g,5mg,31mg,100 gram (g)
Pisang,22.84g,1.09g,89 kkal,0.33g,372 kj,0.112g,0mg,2.6g,12.23g,1mg,358mg,100 gram (g)
Pisang Apel,22.84g,1.09g,89 kkal,0.33g,372 kj,0.112g,0mg,2.6g,12.23g,1mg,358mg,100 gram (g)
Rasberi,11.94g,1.2g,52 kkal,0.65g,218 kj,0.019g,0mg,6.5g,4.42g,1mg,151mg,100 gram (g)
Rasberi Merah,11.94g,1.2g,52 kkal,0.65g,218 kj,0.019g,0mg,6.5g,4.42g,1mg,151mg,100 gram (g)
Rasberi Beku tanpa Pemanis,11.94g,1.2g,52 kkal,0.65g,218 kj,0.019g,0mg,6.5g,4.42g,1mg,136mg,100 gram (g)
Rasberi Beku,26.16g,0.7g,103 kkal,0.16g,431 kj,0.005g,0mg,4.4g,21.76g,1mg,114mg,100 gram (g)
Salad Buah,13.16g,0.67g,57 kkal,0.86g,237 kj,0.647g,0mg,1.8g,10.77g,6mg,141mg,100 gram (g)
Jus Semangka,7.55g,0.61g,30 kkal,0.15g,126 kj,0.016g,0mg,0.4g,6.2g,1mg,112mg,100 gram (g)
Semangka,7.55g,0.61g,30 kkal,0.15g,126 kj,0.016g,0mg,0.4g,6.2g,1mg,112mg,100 gram (g)
Stroberi,7.68g,0.67g,32 kkal,0.3g,134 kj,0.015g,0mg,2g,4.66g,1mg,153mg,100 gram (g)
Stroberi Beku tanpa Pemanis,9.13g,0.43g,35 kkal,0.11g,146 kj,0.006g,0mg,2.1g,4.56g,2mg,148mg,100 gram (g)
Stroberi Beku,23.46g,0.52g,87 kkal,0.14g,364 kj,0.007g,0mg,1.9g,21.49g,2mg,98mg,100 gram (g)
Stroberi Beku dengan Gula,23.46g,0.52g,87 kkal,0.14g,364 kj,0.007g,0mg,1.9g,21.49g,2mg,98mg,100 gram (g)
Makaroni,30.68g,5.76g,157 kkal,0.92g,657 kj,0.175g,0mg,1.8g,0.56g,232mg,45mg,100 gram (g)
Makaroni Gandum,26.38g,5.3g,123 kkal,0.54g,515 kj,0.098g,0mg,2.8g,0.8g,234mg,44mg,100 gram (g)
Makaroni atau Mie dengan Keju,21.46g,7.94g,203 kkal,9.4g,849 kj,3.961g,17mg,1.1g,3.59g,392mg,135mg,100 gram (g)
Makaroni Krim dengan Keju,24.09g,8.13g,208 kkal,8.59g,870 kj,3.693g,16mg,1.4g,0.52g,167mg,61mg,100 gram (g)
Mie Telur (Ditambah. Masak),25.16g,4.54g,138 kkal,2.07g,577 kj,0.419g,0.581g,29mg,1.2g,0.4g,5mg,100 gram (g)
Mie Gandum,23.49g,5.31g,120 kkal,1.37g,502 kj,0.343g,32mg,3.9g,0.19g,158mg,140mg,100 gram (g)
Bihun (Dimasak),24.9g,0.91g,109 kkal,0.2g,456 kj,0.023g,0mg,1g,-,19mg,4mg,100 gram (g)
Mie Cina Chow Mein,57.54g,8.38g,527 kkal,30.76g,2205 kj,4.384g,0mg,3.9g,0.26g,439mg,120mg,100 gram (g)
Nasi Putih Instan,24.87g,2.16g,116 kkal,0.5g,485 kj,0.017g,0mg,0.6g,0g,353mg,9mg,100 gram (g)
Nasi Merah,22.78g,2.56g,110 kkal,0.89g,460 kj,0.179g,0mg,1.8g,0.35g,301mg,43mg,100 gram (g)
Nasi Goreng,21.06g,6.3g,168 kkal,6.23g,703 kj,1.137g,52mg,0.7g,0.76g,415mg,102mg,100 gram (g)
Nasi Goreng Ayam,21.12g,6.29g,166 kkal,6.04g,695 kj,1.23g,53mg,0.7g,0.7g,302mg,125mg,100 gram (g)
Nasi Goreng Babi,21.18g,6.03g,169 kkal,6.5g,707 kj,1.415g,52mg,0.7g,0.71g,302mg,137mg,100 gram (g)
Nasi Goreng Udang,21.15g,5.53g,162 kkal,5.86g,678 kj,0.988g,64mg,0.7g,0.76g,467mg,83mg,100 gram (g)
Nasi Merah Instan,22.78g,2.56g,110 kkal,0.89g,460 kj,0.179g,0mg,1.8g,0.35g,301mg,43mg,100 gram (g)
Spageti,30.68g,5.76g,157 kkal,0.92g,657 kj,0.175g,0mg,1.8g,0.56g,232mg,45mg,100 gram (g)
Pasta dengan Saus Daging,13.07g,7.93g,129 kkal,5.12g,540 kj,1.702g,20mg,1.5g,3.32g,740mg,318mg,100 gram (g)
Pasta tanpa Daging dengan Saus Tomat,16.76g,3.05g,83 kkal,0.47g,347 kj,0.089g,0mg,1.4g,2.56g,166mg,143mg,100 gram (g)
Spageti Gandum,26.38g,5.3g,123 kkal,0.54g,515 kj,0.098g,0mg,4.5g,0.8g,234mg,44mg,100 gram (g)
Chicken Nugget,16.32g,15.59g,297 kkal,18.82g,1243 kj,4.022g,55mg,0.9g,0.88g,574mg,261mg,100 gram (g)
Ayam Nugget Rendah Lemak,13.79g,19.29g,195 kkal,6.33g,816 kj,1.661g,49mg,0.6g,0.55g,475mg,161mg,100 gram (g)
Kari Ayam,4.74g,11.47g,124 kkal,6.67g,519 kj,1.358g,35mg,0.9g,2.07g,484mg,249mg,100 gram (g)
Kari Daging Sapi,5.8g,11.69g,184 kkal,12.96g,770 kj,2.883g,26mg,1.2g,2.73g,551mg,384mg,100 gram (g)
Kari Daging Domba,1.57g,11.96g,109 kkal,5.86g,456 kj,1.671g,38mg,0.4g,0.54g,210mg,209mg,100 gram (g)
Kentang Goreng Dilapisi Roti atau Mentega,31.14g,5.83g,322 kkal,19.6g,1347 kj,3.573g,1mg,1.6g,4.32g,409mg,321mg,100 gram (g)
Pizza Keju,30.33g,12.33g,276 kkal,11.74g,1155 kj,5.005g,24mg,1.9g,3.56g,537mg,161mg,100 gram (g)
Pizza Keju dengan Sayuran,29.46g,8.89g,230 kkal,8.52g,962 kj,3.344g,10mg,1.8g,2.44g,520mg,194mg,100 gram (g)
Pizza dengan Daging dan Sayuran,27.42g,10.16g,256 kkal,11.68g,1071 kj,4.531g,20mg,1.7g,2.27g,598mg,207mg,100 gram (g)
Pizza dengan Daging dan Buah,28.76g,9.94g,230 kkal,8.3g,962 kj,3.288g,15mg,1.6g,3.9g,581mg,196mg,100 gram (g)
Pizza Keju Kerak Tipis,29.45g,12.5g,281 kkal,12.53g,1176 kj,5.336g,25mg,1.9g,3.55g,536mg,162mg,100 gram (g)
Pizza Keju Kerak Tebal,31.65g,12.07g,270 kkal,10.55g,1130 kj,4.508g,22mg,1.9g,3.56g,538mg,161mg,100 gram (g)
Pizza Keju dengan Sayuran Kerak Tipis,25.25g,9.04g,213 kkal,8.54g,891 kj,3.547g,12mg,1.8g,2.64g,528mg,210mg,100 gram (g)
Taco  Ayam. Keju. Selada. Tomat dan Salsa,12.46g,12.8g,180 kkal,8.92g,753 kj,3.007g,36mg,1.8g,1.24g,256mg,200mg,100 gram (g)
Taco Daging Sapi. Keju dan Selada,20.77g,13.95g,283 kkal,16.22g,1184 kj,5.031g,40mg,2.7g,0.6g,592mg,229mg,100 gram (g)
Taco Daging. Keju. Selada. Tomat dan Salsa,13.2g,11.65g,209 kkal,12.35g,874 kj,4.569g,35mg,1.9g,1.32g,274mg,251mg,100 gram (g)
Taco Kacang. Keju. Daging. Selada. Tomat dan Salsa,15.11g,9.78g,182 kkal,9.46g,761 kj,3.284g,26mg,2.8g,1.27g,330mg,238mg,100 gram (g)
Taco Kacang. Keju. Selada. Tomat dan Salsa,18.66g,6.01g,164 kkal,7.76g,686 kj,2.553g,10mg,4.3g,1.27g,316mg,259mg,100 gram (g)
Yogurt Polos,7.04g,5.25g,63 kkal,1.55g,264 kj,1g,6mg,0g,7.04g,70mg,234mg,100 gram (g)
Yogurt Polos Rendah Lemak,7.04g,5.25g,63 kkal,1.55g,264 kj,1g,6mg,0g,7.04g,70mg,234mg,100 gram (g)
Yogurt Polos tanpa Lemak,7.68g,5.73g,56 kkal,0.18g,234 kj,0.116g,2mg,0g,7.68g,77mg,255mg,100 gram (g)
Yoghurt Vanila (Rendah Lemak),13.8g,4.93g,85 kkal,1.25g,356 kj,0.806g,5mg,0g,13.8g,66mg,219mg,100 gram (g)
Tahu Goreng,10.49g,17.19g,271 kkal,20.18g,1134 kj,2.918g,0mg,3.9g,2.72g,16mg,146mg,100 gram (g)
Tempe Goreng,11.94g,13.31g,225 kkal,15.21g,943 kj,2.101g,0mg,0.3g,0.18g,277mg,315mg,100 gram (g)
Tahu Isi,7.21g,8.54g,112 kkal,5.53g,468 kj,1.039g,1.977g,46mg,1g,1.4g,270mg,100 gram (g)
Tempe Rebus,9.35g,18.19g,196 kkal,11.38g,820 kj,3.4g,-,-,-,14mg,401mg,100 gram (g)
Jagung dengan Mentega,21.88g,3.06g,106 kkal,2.35g,444 kj,1.125g,4mg,-,-,20mg,246mg,100 gram (g)
Jagung,19.02g,3.22g,86 kkal,1.18g,360 kj,0.182g,0mg,2.7g,3.22g,15mg,270mg,100 gram (g)
Bubur Jagung,9.55g,1.06g,45 kkal,0.14g,188 kj,0.019g,0mg,0.2g,0.08g,131mg,16mg,100 gram (g)
Lumpia Ayam,11.12g,4.73g,101 kkal,4.07g,422 kj,0.867g,45mg,0.7g,0.57g,194mg,88mg,100 gram (g)
Sayur Lumpia,11.63g,3.1g,98 kkal,4.43g,409 kj,0.871g,36mg,1g,1.18g,324mg,117mg,100 gram (g)
Lumpia Udang,11.55g,4.09g,104 kkal,4.64g,436 kj,0.906g,51mg,0.9g,0.84g,378mg,113mg,100 gram (g)
Lumpia Babi,10.88g,5.94g,116 kkal,5.36g,485 kj,1.232g,44mg,0.8g,0.79g,321mg,149mg,100 gram (g)
Risoles,14.43g,10.54g,160 kkal,6.25g,668 kj,2.545g,2.584g,41mg,0.6g,1.06g,202mg,100 gram (g)
Risol Mayo,23.94g,9.32g,275 kkal,15.47g,1149 kj,4.229g,5.943g,112mg,0.7g,1.86g,329mg,100 gram (g)
Risol Bihun,14.46g,10.79g,156 kkal,5.82g,652 kj,1.272g,2.394g,144mg,0.9g,2.06g,203mg,100 gram (g)
Risol Ragout,21.38g,10.18g,250 kkal,13.65g,1045 kj,6.563g,4.472g,61mg,1.1g,1.74g,318mg,100 gram (g)
Biskuit Tawar atau Mentega,44.6g,7g,353 kkal,16.3g,1477 kj,4.324g,3mg,1.5g,2.18g,580mg,121mg,100 gram (g)
Biskuit Gandum,46.22g,9.67g,311 kkal,11.58g,1301 kj,2.662g,3mg,7.3g,2.59g,903mg,310mg,100 gram (g)
Biskuit Tawar atau dengan Mentega (Rendah Lemak),47.6g,6.7g,257 kkal,4.5g,1075 kj,1.113g,0mg,1.6g,7g,1248mg,159mg,100 gram (g)
Biskuit Tawar atau Mentega (Campuran Kering. Siap),48.4g,7.3g,335 kkal,12.1g,1402 kj,2.789g,4mg,1.8g,-,955mg,188mg,100 gram (g)
Tepung Tortilla,51.35g,8.29g,312 kkal,7.75g,1305 kj,1.886g,0mg,3.1g,1.92g,636mg,155mg,100 gram (g)
Tortilla Jagung,44.64g,5.7g,218 kkal,2.85g,912 kj,0.453g,0mg,6.3g,0.88g,45mg,186mg,100 gram (g)
Gandum Tortilla,55.82g,9.61g,263 kkal,1.3g,1100 kj,0.228g,0mg,7.1g,0.28g,486mg,239mg,100 gram (g)
Oatmeal,10.84g,2.59g,62 kkal,1.02g,259 kj,0.18g,0mg,1.6g,0.24g,119mg,54mg,100 gram (g)
Oatmeal Instan,18.22g,2.46g,91 kkal,1.2g,381 kj,0.215g,0mg,1.9g,6.58g,122mg,78mg,100 gram (g)
Oatmeal dengan Buah,16.16g,2.64g,81 kkal,0.98g,339 kj,0.172g,0mg,1.8g,4.76g,111mg,108mg,100 gram (g)
Oatmeal Multigrain,13.88g,2.14g,63 kkal,0.49g,264 kj,0.098g,0mg,2.3g,0.11g,71mg,74mg,100 gram (g)
Roti Gandum,47.14g,9.13g,259 kkal,4.11g,1084 kj,0.895g,0mg,4.4g,5.49g,530mg,204mg,100 gram (g)
Roti Putih,50.61g,7.64g,266 kkal,3.29g,1113 kj,0.717g,0mg,2.4g,4.31g,681mg,100mg,100 gram (g)
Roti Multigrain,46.4g,10g,251 kkal,3.8g,1050 kj,0.807g,0mg,6.4g,10.05g,487mg,204mg,100 gram (g)
Roti Gandum Hitam,48.3g,8.5g,259 kkal,3.3g,1084 kj,0.626g,0mg,5.8g,3.85g,660mg,166mg,100 gram (g)
Bagel Gandum,58.41g,10.41g,286 kkal,1.4g,1197 kj,0.214g,0mg,4.4g,1.81g,509mg,189mg,100 gram (g)
Bagel Panggang,57.11g,11.14g,288 kkal,1.72g,1205 kj,0.283g,0mg,2.6g,5.82g,480mg,85mg,100 gram (g)
Bagel Kismis Kayu Manis,55.2g,9.8g,273 kkal,1.7g,1142 kj,0.274g,0mg,2.3g,5.98g,322mg,148mg,100 gram (g)
Roti Kismis,52.3g,7.9g,274 kkal,4.4g,1146 kj,1.081g,0mg,4.3g,-,390mg,227mg,100 gram (g)
Roti Kismis Panggang,56.9g,8.6g,297 kkal,4.8g,1243 kj,1.175g,0mg,4.7g,6.18g,424mg,246mg,100 gram (g)
Roti Panggang Putih,54.4g,9g,293 kkal,4g,1226 kj,0.578g,1mg,2.5g,4.74g,592mg,131mg,100 gram (g)
Corn Flakes,86.7g,6.7g,360 kkal,0.1g,1506 kj,0g,0mg,4.5g,6.5g,949mg,117mg,100 gram (g)
Roti Pita,55.7g,9.1g,275 kkal,1.2g,1151 kj,0.166g,0mg,2.2g,1.3g,536mg,120mg,100 gram (g)
Roti Gandum Pita,55.8g,10.47g,273 kkal,1.43g,1142 kj,0.222g,0mg,5.3g,0.26g,418mg,214mg,100 gram (g)
Roti Panggang Pita,61.21g,10g,302 kkal,1.32g,1264 kj,0.182g,0mg,2.4g,1.43g,589mg,132mg,100 gram (g)
Roti Keju,48.14g,8.5g,273 kkal,4.78g,1142 kj,1.736g,5mg,2.3g,4.12g,678mg,100mg,100 gram (g)
Roti Isi Coklat,40.00g,5.00g,280 kkal,10.00g,1172 kj,6.000g,3mg,2.0g,13.00g,125mg,-,100 g
Roti Goreng,47.69g,7.18g,320 kkal,11.36g,1337 kj,2.867g,0mg,3.5g,0.2g,541mg,124mg,100 gram (g)
Roti Goreng,47.69g,7.18g,320 kkal,11.36g,1337 kj,2.867g,0mg,3.5g,0.2g,541mg,124mg,100 gram (g)
Roti Baguette,51.9g,8.8g,274 kkal,3g,1146 kj,0.641g,0mg,3g,0.24g,609mg,113mg,100 gram (g)
Cromboloni,44.87g,6.37g,375 kkal,18.99g,1571 kj,5.05g,67mg,1.2g,9.52g,270mg,87mg,100 gram (g)
Odading,48.15g,8.26g,321 kkal,10.36g,1343 kj,1.342g,93mg,1.6g,10.17g,542mg,99mg,100 gram (g)
Bika Ambon,53.34g,3.11g,264 kkal,4.44g,1103 kj,3.006g,64mg,1.2g,27.26g,92mg,62mg,100 gram (g)
Roti Sosis,32.28g,9.69g,324 kkal,17.05g,1357 kj,5.804g,23mg,1.1g,0.52g,851mg,132mg,100 gram (g)
Roti Kentang,50.61g,7.64g,266 kkal,3.29g,1113 kj,0.717g,0mg,2.4g,4.31g,681mg,100mg,100 gram (g)
Roti Canai,47.83g,6.64g,318 kkal,10.81g,1331 kj,2.735g,0mg,2.2g,0.18g,597mg,81mg,100 gram (g)
Roti Italia,50g,8.8g,271 kkal,3.5g,1134 kj,0.855g,0mg,2.7g,0.83g,584mg,110mg,100 gram (g)
Sereal Granola,52.95g,14.87g,490 kkal,24.36g,2050 kj,4.537g,0mg,8.6g,20.1g,22mg,537mg,100 gram (g)
Croissant,45.8g,8.2g,406 kkal,21g,1699 kj,11.659g,67mg,2.6g,11.26g,744mg,118mg,100 gram (g)
Biskuit Gandum,46.22g,9.67g,311 kkal,11.58g,1301 kj,2.662g,3mg,7.3g,2.59g,903mg,310mg,100 gram (g)
Lidah Kucing,52.6g,4.98g,456 kkal,24.93g,1909 kj,8.517g,31mg,1.4g,12.77g,402mg,82mg,100 gram (g)
Cookies,60.26g,5.71g,460 kkal,22.03g,1923 kj,13.707g,57mg,1.4g,19.9g,4mg,64mg,100 gram (g)
Kue Mentega atau Gula,65.6g,5.45g,475 kkal,21.6g,1987 kj,6.771g,56mg,0.9g,26.69g,417mg,104mg,100 gram (g)
Kue Sus,23.55g,6.55g,260 kkal,15.6g,1088 kj,3.899g,130mg,0.5g,8.04g,339mg,116mg,100 gram (g)
